{
    "munkrees metrics": {
        "0-1 loss": [
            -282.0,
            33.6
        ],
        "hamming": [
            0.4516577540106952,
            0.003066098544425062
        ],
        "kl_policy": [
            405.15913317322077,
            27.6818259866456
        ],
        "weighted_0-1 loss": [
            0.38516902944383863,
            0.010957641258239791
        ],
        "weighted_kl_policy": [
            0.7627792659494975,
            0.01669016921618168
        ]
    },
    "raw metrics": {
        "0-1 loss": [
            -282.6,
            52.64
        ],
        "hamming": [
            0.5018181818181818,
            0.007712499642540535
        ],
        "kl_policy": [
            400.9096352561196,
            34.14159255026412
        ],
        "weighted_0-1 loss": [
            0.31842966194111233,
            0.005483720205639508
        ],
        "weighted_kl_policy": [
            0.7212661033689813,
            0.01414251971872923
        ]
    },
    "time": 4.237936878204346
}
