{
    "munkrees metrics": {
        "0-1 loss": [
            0.43730158730158736,
            0.0002214033761652805
        ],
        "hamming": [
            0.35711229946524065,
            0.0001822642912293743
        ],
        "kl_policy": [
            408.56993406807305,
            95.88461924207468
        ],
        "weighted_0-1 loss": [
            0.2480620155038759,
            0.000889369629229013
        ],
        "weighted_kl_policy": [
            0.6490806131869282,
            0.0009928914880849952
        ]
    },
    "raw metrics": {
        "0-1 loss": [
            0.43730158730158736,
            0.0002214033761652805
        ],
        "hamming": [
            0.35711229946524065,
            0.0001822642912293743
        ],
        "kl_policy": [
            408.56993406807305,
            95.88461924207468
        ],
        "weighted_0-1 loss": [
            0.2480620155038759,
            0.000889369629229013
        ],
        "weighted_kl_policy": [
            0.6490806131869282,
            0.0009928914880849952
        ]
    },
    "time": 0.3705472469329834
}
