{
    "munkrees metrics": {
        "0-1 loss": [
            0.44841269841269843,
            0.00011810279667422625
        ],
        "hamming": [
            0.4185026737967915,
            0.004030724355858042
        ],
        "kl_policy": [
            409.8492215354621,
            15.034037828542049
        ],
        "weighted_0-1 loss": [
            0.3806201550387597,
            0.006786851751697609
        ],
        "weighted_kl_policy": [
            0.803249245357045,
            0.006662477464253444
        ]
    },
    "raw metrics": {
        "0-1 loss": [
            0.4404761904761905,
            0.00017636684303351004
        ],
        "hamming": [
            0.4322994652406417,
            0.006909617089422058
        ],
        "kl_policy": [
            404.82535634145495,
            75.55942246511681
        ],
        "weighted_0-1 loss": [
            0.3325581395348837,
            0.0006333753981130926
        ],
        "weighted_kl_policy": [
            0.7360470985585404,
            9.530249639263503e-05
        ]
    },
    "time": 0.6222012519836426
}
