{
    "munkrees metrics": {
        "0-1 loss": [
            0.4321428571428571,
            0.00032344419249181165
        ],
        "hamming": [
            0.40149732620320855,
            0.0004164145385913237
        ],
        "kl_policy": [
            407.53291346393985,
            54.39202437904862
        ],
        "weighted_0-1 loss": [
            0.24883720930232558,
            0.0006934679406285683
        ],
        "weighted_kl_policy": [
            0.6595575938114201,
            0.00015168027830609582
        ]
    },
    "raw metrics": {
        "0-1 loss": [
            0.4321428571428571,
            0.00032344419249181165
        ],
        "hamming": [
            0.40149732620320855,
            0.0004164145385913237
        ],
        "kl_policy": [
            407.53291346393985,
            54.39202437904862
        ],
        "weighted_0-1 loss": [
            0.24883720930232558,
            0.0006934679406285683
        ],
        "weighted_kl_policy": [
            0.6595575938114201,
            0.00015168027830609582
        ]
    },
    "time": 0.04979076385498047
}
