{
    "munkrees metrics": {
        "0-1 loss": [
            0.44960317460317467,
            0.00023085159989921967
        ],
        "hamming": [
            0.40631016042780754,
            0.0020765134833709868
        ],
        "kl_policy": [
            417.8492599430344,
            59.91954684458561
        ],
        "weighted_0-1 loss": [
            0.3658914728682171,
            0.001301604470885166
        ],
        "weighted_kl_policy": [
            0.7794728229918487,
            0.0025732730337174985
        ]
    },
    "raw metrics": {
        "0-1 loss": [
            0.4492063492063492,
            0.0002214033761652817
        ],
        "hamming": [
            0.4242780748663102,
            0.0060813406159741495
        ],
        "kl_policy": [
            414.80145446528525,
            73.28937105625754
        ],
        "weighted_0-1 loss": [
            0.36434108527131787,
            0.0011958415960579322
        ],
        "weighted_kl_policy": [
            0.7690713971892489,
            0.0015987197442181242
        ]
    },
    "time": 0.8363506317138671
}
