{
    "munkrees metrics": {
        "0-1 loss": [
            -310.0,
            134.8
        ],
        "hamming": [
            0.3382887700534759,
            5.8863564871743695e-05
        ],
        "kl_policy": [
            373.3331965671911,
            119.89247653110526
        ],
        "weighted_0-1 loss": [
            0.05539803707742634,
            0.00041118387801481653
        ],
        "weighted_kl_policy": [
            0.3612313527968392,
            0.00047967158993670705
        ]
    },
    "raw metrics": {
        "0-1 loss": [
            -310.0,
            134.8
        ],
        "hamming": [
            0.3382887700534759,
            5.8863564871743695e-05
        ],
        "kl_policy": [
            373.3331965671911,
            119.89247653110526
        ],
        "weighted_0-1 loss": [
            0.05539803707742634,
            0.00041118387801481653
        ],
        "weighted_kl_policy": [
            0.3612313527968392,
            0.00047967158993670705
        ]
    },
    "time": 0.07879881858825684
}
