{
    "munkrees metrics": {
        "0-1 loss": [
            0.3833333333333334,
            0.00045571932476694483
        ],
        "hamming": [
            0.34695187165775404,
            6.135720209328268e-05
        ],
        "kl_policy": [
            368.2922122346527,
            93.24414846155531
        ],
        "weighted_0-1 loss": [
            0.07459105779716466,
            0.0001777166784201004
        ],
        "weighted_kl_policy": [
            0.38239017069149805,
            0.0001254226768823011
        ]
    },
    "raw metrics": {
        "0-1 loss": [
            0.3833333333333334,
            0.00045571932476694483
        ],
        "hamming": [
            0.34695187165775404,
            6.135720209328268e-05
        ],
        "kl_policy": [
            368.2922122346527,
            93.24414846155531
        ],
        "weighted_0-1 loss": [
            0.07459105779716466,
            0.0001777166784201004
        ],
        "weighted_kl_policy": [
            0.38239017069149805,
            0.0001254226768823011
        ]
    },
    "time": 0.8981664657592774
}
