{
    "munkrees metrics": {
        "0-1 loss": [
            0.42857142857142866,
            6.7712270093222e-05
        ],
        "hamming": [
            0.3981818181818181,
            0.003965523749606795
        ],
        "kl_policy": [
            396.2796132764287,
            204.69841771849087
        ],
        "weighted_0-1 loss": [
            0.2730643402399127,
            0.010389290381964811
        ],
        "weighted_kl_policy": [
            0.6422532436204962,
            0.02587074508998566
        ]
    },
    "raw metrics": {
        "0-1 loss": [
            0.42976190476190473,
            8.440413202317905e-05
        ],
        "hamming": [
            0.4228877005347593,
            0.0089939546455432
        ],
        "kl_policy": [
            392.93504083348824,
            100.04818434337757
        ],
        "weighted_0-1 loss": [
            0.21984732824427472,
            0.0012741753073235603
        ],
        "weighted_kl_policy": [
            0.5703844099265538,
            0.0054997128859998485
        ]
    },
    "time": 1.823194694519043
}
