{
    "munkrees metrics": {
        "0-1 loss": [
            -300.8,
            26.959999999999997
        ],
        "hamming": [
            0.3565775401069519,
            1.8233292344648035e-05
        ],
        "kl_policy": [
            380.57132557356675,
            47.34529745034027
        ],
        "weighted_0-1 loss": [
            0.1302071973827699,
            0.000103509500064812
        ],
        "weighted_kl_policy": [
            0.4534740981472189,
            0.00024009260801552613
        ]
    },
    "raw metrics": {
        "0-1 loss": [
            -300.8,
            26.959999999999997
        ],
        "hamming": [
            0.3565775401069519,
            1.8233292344648035e-05
        ],
        "kl_policy": [
            380.57132557356675,
            47.34529745034027
        ],
        "weighted_0-1 loss": [
            0.1302071973827699,
            0.000103509500064812
        ],
        "weighted_kl_policy": [
            0.4534740981472189,
            0.00024009260801552613
        ]
    },
    "time": 1.61339373588562
}
